statenm,year,ben_total,ben_hhkid,ben_hhnokid,ben_hheld,ben_hhdis,ben_hhearn,ben_total_fail,ben_hhkid_fail,ben_hhnokid_fail,ben_hheld_fail,ben_hhdis_fail,ben_hhearn_fail,ben_total_fail_pctoftotal,ben_hhkid_fail_pctofhhkid,ben_hhnokid_fail_pctofhhnokid,ben_hheld_fail_pctofhheld,ben_hhdis_fail_pctofhhdis,ben_hhearn_fail_pctofhhearn,ben_hhkid_fail_pctoffail,ben_hhnokid_fail_pctoffail,ben_hheld_fail_pctoffail,ben_hhdis_fail_pctoffail,ben_hhearn_fail_pctoffail
United States,2015,5667679989.9,3737089698.3,1930590291.6,558621124.27,867437539.95,2147360891.2,50161388.925,39965860.03,10195528.895,3716458.2035,2321589.477,45331742.227,0.89,1.07,0.53,0.67,0.27,2.11,79.67,20.33,7.41,4.63,90.37
Alabama,2015,110402101.62,79615309.917,30786791.701,7778239.3656,20275824.761,39195555.209,49454.761837,19825.10253,29629.659307,0,7234.8062249,49454.761837,0.04,0.02,0.1,0,0.04,0.13,40.09,59.91,0,14.63,100
Alaska,2015,13933053.89,10454639.815,3478414.0752,1239163.3418,1080596.2494,5039602.3677,0,0,0,0,0,0,0,0,0,0,0,0,0,0,0,0,0
Arizona,2015,118174215.41,86546781.386,31627434.02,7779159.0401,10542746.607,49715679.334,2014554.6652,1818542.4982,196012.16694,85233.458942,37822.020303,1929042.1773,1.7,2.1,0.62,1.1,0.36,3.88,90.27,9.73,4.23,1.88,95.76
Arkansas,2015,51912947.468,37245088.695,14667858.773,2690126.3743,10276314.628,18355073.437,0,0,0,0,0,0,0,0,0,0,0,0,0,0,0,0,0
California,2015,606912636.05,423290836.14,183621799.92,24566682.7,3013483.9701,255732961.75,2515074.9775,1993341.4264,521733.55103,284835.63586,23245.553616,2058378.9249,0.41,0.47,0.28,1.16,0.77,0.8,79.26,20.74,11.33,0.92,81.84
Colorado,2015,63249065.006,45793302.012,17455762.994,5034105.2057,7973101.0726,27541052.317,306326.65178,301788.80021,4537.8515702,0,4537.8515702,301788.80021,0.48,0.66,0.03,0,0.06,1.1,98.52,1.48,0,1.48,98.52
Connecticut,2015,59316825.56,30233563.354,29083262.207,8541295.0383,11105102.489,17542148.258,1240945.2051,936466.10461,304479.10047,12772.885916,22101.030277,1208467.5014,2.09,3.1,1.05,0.15,0.2,6.89,75.46,24.54,1.03,1.78,97.38
Delaware,2015,18566568.749,13033234.968,5533333.7806,1202155.3306,2948761.0961,6832739.6661,413675.54285,321772.23314,91903.309712,24080.90342,15002.173526,362030.09176,2.23,2.47,1.66,2,0.51,5.3,77.78,22.22,5.82,3.63,87.52
District of Columbia,2015,17647276.403,9895734.1454,7751542.2574,1577757.5924,2123621.2612,3279382.7047,100942.51247,52451.473949,48491.038518,18416.693542,6587.2947257,79998.773978,0.57,0.53,0.63,1.17,0.31,2.44,51.96,48.04,18.24,6.53,79.25
Florida,2015,470937097.17,262700217.63,208236879.54,62313428.994,68667205.57,158857806.51,6789294.4509,5461367.6129,1327926.838,273231.07946,287657.3378,6410607.4859,1.44,2.08,0.64,0.44,0.42,4.04,80.44,19.56,4.02,4.24,94.42
Georgia,2015,225390807.88,157909747.17,67481060.709,15625926.241,32559486.532,85477268.555,499627.26907,182619.64161,317007.62746,242565.03789,45908.20774,223421.57618,0.22,0.12,0.47,1.55,0.14,0.26,36.55,63.45,48.55,9.19,44.72
Guam,2015,8729570.5787,7238052.5949,1491517.9838,781835.86064,263172.54657,4614946.8131,419699.85251,358682.7926,61017.059909,17898.089219,10816.619252,402301.42345,4.81,4.96,4.09,2.29,4.11,8.72,85.46,14.54,4.26,2.58,95.85
Hawaii,2015,40760658.365,25286143.922,15474514.444,5594863.2042,5060650.6606,19680204.418,1065124.9402,968962.84551,96162.094702,8489.2735752,1953.8161738,1046380.8216,2.61,3.83,0.62,0.15,0.04,5.32,90.97,9.03,0.8,0.18,98.24
Idaho,2015,22307000.508,17265864.998,5041135.5104,1525561.6036,3882960.5296,11968929.227,0,0,0,0,0,0,0,0,0,0,0,0,0,0,0,0,0
Illinois,2015,266508776.27,167325739.92,99183036.345,27328801.965,34022978.21,95095435.855,428136.08503,97515.227957,330620.85707,250711.93513,149074.36783,64273.136927,0.16,0.06,0.33,0.92,0.44,0.07,22.78,77.22,58.56,34.82,15.01
Indiana,2015,98963425.127,71772693.561,27190731.567,5160710.5913,17733859.477,40829630.046,6107.9226382,0,6107.9226382,0,6107.9226382,6107.9226382,0.01,0,0.02,0,0.03,0.01,0,100,0,100,100
Iowa,2015,41487186.842,28476207.648,13010979.194,2460333.8908,5395568.1477,17862888.445,652653.60751,464778.43145,187875.17605,56148.706724,33644.749773,584100.0673,1.57,1.63,1.44,2.28,0.62,3.27,71.21,28.79,8.6,5.16,89.5
Kansas,2015,30999230.258,23458278.991,7540951.2667,1832787.904,6438534.9129,13051689.36,0,0,0,0,0,0,0,0,0,0,0,0,0,0,0,0,0
Kentucky,2015,90053919.053,60629360.56,29424558.493,7134191.5075,19136831.461,28095541.206,23560.000064,11498.018746,12061.981318,12061.981318,0,11498.018746,0.03,0.02,0.04,0.17,0,0.04,48.8,51.2,51.2,0,48.8
Louisiana,2015,107004900.85,79648169.945,27356730.901,7823555.5187,19203524.471,40073429.157,117327.42947,117327.42947,0,0,0,117327.42947,0.11,0.15,0,0,0,0.29,100,0,0,0,100
Maine,2015,23107597.595,14007104.384,9100493.2108,3091625.3693,6636052.8049,7766595.7219,444391.61686,323293.91929,121097.69757,44521.825279,20192.465903,381711.88027,1.92,2.31,1.33,1.44,0.3,4.91,72.75,27.25,10.02,4.54,85.9
Maryland,2015,93225799.137,59698068.989,33527730.148,8379564.1422,14066281.358,34510147.967,2782963.4316,2522425.1352,260538.29638,107820.11862,38155.073577,2647467.3796,2.99,4.23,0.78,1.29,0.27,7.67,90.64,9.36,3.87,1.37,95.13
Massachusetts,2015,96251680.226,49456152.509,46795527.717,17923873.89,25620782.455,23790031.641,1716653.8714,1553527.3705,163126.50093,78796.596046,43751.293307,1604797.7781,1.78,3.14,0.35,0.44,0.17,6.75,90.5,9.5,4.59,2.55,93.48
Michigan,2015,193553542.8,111486556.17,82066986.627,20926471.308,39482267.941,63235813.016,1709896.1734,1058050.7266,651845.44677,177165.94041,100623.78846,1467745.3565,0.88,0.95,0.79,0.85,0.25,2.32,61.88,38.12,10.36,5.88,85.84
Minnesota,2015,50199436.904,34628718.173,15570718.73,5236329.9043,8030979.4985,22979060.359,695688.04579,600680.13963,95007.906161,34937.767922,39778.420876,625705.59822,1.39,1.73,0.61,0.67,0.5,2.72,86.34,13.66,5.02,5.72,89.94
Mississippi,2015,75540756.504,52084895.699,23455860.806,4983619.1394,11976028.079,22816669.808,10771.255507,10771.255507,0,0,0,10771.255507,0.01,0.02,0,0,0,0.05,100,0,0,0,100
Missouri,2015,104102052.89,72966427.746,31135625.14,7503942.513,18614837.055,32987919.934,0,0,0,0,0,0,0,0,0,0,0,0,0,0,0,0,0
Montana,2015,13758541.095,9372513.9212,4386027.1734,1097347.0793,2439773.6756,4678770.2363,137524.14016,100657.14018,36866.999976,1170.5636783,0,136353.57648,1,1.07,0.84,0.11,0,2.91,73.19,26.81,0.85,0,99.15
Nebraska,2015,19834636.842,14827012.909,5007623.9331,1326281.1072,3308314.053,8395703.5245,0,0,0,0,0,0,0,0,0,0,0,0,0,0,0,0,0
Nevada,2015,48335209.691,31588612.055,16746597.636,4182762.1288,5846377.9637,21345796.107,706630.48343,437453.75342,269176.73002,78797.512222,45664.653456,610309.24239,1.46,1.38,1.61,1.88,0.78,2.86,61.91,38.09,11.15,6.46,86.37
New Hampshire,2015,10692378.597,7178957.8378,3513420.7595,1166059.8284,3313844.4293,4058437.8958,360243.43454,360243.43454,0,0,7170.5171484,357597.34206,3.37,5.02,0,0,0.22,8.81,100,0,0,1.99,99.27
New Jersey,2015,107414423.97,72322532.836,35091891.138,16359451.043,19261092.994,36109211.29,1676312.248,1450334.9503,225977.29771,64492.134715,49258.085427,1538126.2505,1.56,2.01,0.64,0.39,0.26,4.26,86.52,13.48,3.85,2.94,91.76
New Mexico,2015,54045393.939,39573166.484,14472227.456,4185643.6794,6725942.189,24584703.304,562759.5416,488595.03326,74164.508345,0,0,562759.5416,1.04,1.23,0.51,0,0,2.29,86.82,13.18,0,0,100
New York,2015,412093363.78,205677865.41,206415498.37,98999678.275,89273949.884,149180235.07,1988476.8913,1651989.3723,336487.51895,244405.93222,154398.35165,1747485.7659,0.48,0.8,0.16,0.25,0.17,1.17,83.08,16.92,12.29,7.76,87.88
North Carolina,2015,191185526.27,133274113.56,57911412.709,11597483.615,30773616.082,79634984.358,2205752.369,1414483,791269.36908,391534.25538,152895.34794,1805969.2347,1.15,1.06,1.37,3.38,0.5,2.27,64.13,35.87,17.75,6.93,81.88
North Dakota,2015,6417716.3308,4635074.1824,1782642.1484,1010305.9836,1007368.9485,2269529.5068,181413.83091,164995.05543,16418.775477,0,0,179834.31926,2.83,3.56,0.92,0,0,7.92,90.95,9.05,0,0,99.13
Ohio,2015,201022027.97,140216502.17,60805525.802,18418421.235,37091529.133,76949145.834,528702.21662,100341.53972,428360.6769,233728.84362,198219.79238,145203.77041,0.26,0.07,0.7,1.27,0.53,0.19,18.98,81.02,44.21,37.49,27.46
Oklahoma,2015,70314009.761,52380613.3,17933396.461,4081930.5933,11588706.19,26477012.57,0,0,0,0,0,0,0,0,0,0,0,0,0,0,0,0,0
Oregon,2015,92511620,48341086.323,44170533.677,10332436.484,12369353.743,36100014.047,2073666.2604,1484278.3337,589387.92669,162872.48796,47480.301906,1890974.882,2.24,3.07,1.33,1.58,0.38,5.24,71.58,28.42,7.85,2.29,91.19
Pennsylvania,2015,222015750.73,139186003.77,82829746.956,24886088.556,56353645.078,73527982.155,3380430.1279,2510037.1622,870392.96575,212377.00734,197736.66325,3135564.046,1.52,1.8,1.05,0.85,0.35,4.26,74.25,25.75,6.28,5.85,92.76
Rhode Island,2015,22844888.834,12162194.007,10682694.827,3650846.4365,5326235.5969,6860835.607,390522.19373,284647.91243,105874.2813,12262.449787,8779.8409118,367536.54763,1.71,2.34,0.99,0.34,0.16,5.36,72.89,27.11,3.14,2.25,94.11
South Carolina,2015,99378893.643,73377788.882,26001104.761,6325784.8381,13494257.188,38627617.297,52534.391086,4972.2489276,47562.142158,31615.691218,10335.180163,5611.2707771,0.05,0.01,0.18,0.5,0.08,0.01,9.46,90.54,60.18,19.67,10.68
South Dakota,2015,12333486.671,8771549.9493,3561936.7213,1089071.9129,2089796.93,4961150.7075,79846.651762,79846.651762,0,0,0,79846.651762,0.65,0.91,0,0,0,1.61,100,0,0,0,100
Tennessee,2015,154316644.95,103940535.99,50376108.96,9623914.2845,24238554.317,52634341.872,0,0,0,0,0,0,0,0,0,0,0,0,0,0,0,0,0
Texas,2015,436285386.12,351387652.81,84897733.312,39112577.186,70288592.789,206495839.54,7643493.3964,7230203.2849,413290.11149,163562.77182,308441.62361,7504862.0011,1.75,2.06,0.49,0.42,0.44,3.63,94.59,5.41,2.14,4.04,98.19
Utah,2015,25675721.86,20616510.998,5059210.8625,1258314.0835,2525863.9174,12417940.797,3062.9516118,3062.9516118,0,0,0,3062.9516118,0.01,0.01,0,0,0,0.02,100,0,0,0,100
Vermont,2015,10224581.237,5181202.9626,5043378.274,2061630.8902,2956641.7266,3257999.7215,385155.54923,354829.96237,30325.586861,6411.9165854,1100.2044897,376377.89185,3.77,6.85,0.6,0.31,0.04,11.55,92.13,7.87,1.66,0.29,97.72
Virgin Islands,2015,4601257.4483,3310826.7608,1290430.6875,516294.44465,161773.62711,1969713.7989,66510.974519,57074.125475,9436.8490441,5643.5781335,5799.4186479,55565.164271,1.45,1.72,0.73,1.09,3.58,2.82,85.81,14.19,8.49,8.72,83.54
Virginia,2015,99555951.252,75228977.355,24326973.897,8781271.1204,15830405.117,37638505.303,0,0,0,0,0,0,0,0,0,0,0,0,0,0,0,0,0
Washington,2015,126480830.8,70503111.889,55977718.907,13188270.256,20356945.769,40963690.538,2073868.7314,1490942.8398,582925.89159,87956.054663,73604.828021,1896577.875,1.64,2.11,1.04,0.67,0.36,4.63,71.89,28.11,4.24,3.55,91.45
West Virginia,2015,39505225.408,26350341.528,13154883.88,2444217.4417,7239985.9287,12644202.58,152300.4062,76990.558262,75309.847937,46269.313193,18142.782328,94083.328855,0.39,0.29,0.57,1.89,0.25,0.74,50.55,49.45,30.38,11.91,61.77
Wisconsin,2015,83846075.249,52599780.7,31246294.549,6703845.5508,16984248.331,36956510.827,1509311.8665,1044192.5334,465119.33309,243669.76169,148367.09211,1244662.4113,1.8,1.99,1.49,3.63,0.87,3.37,69.18,30.82,16.14,9.83,82.47
Wyoming,2015,3752318.3076,2938278.6396,814039.66801,185088.67887,459170.50045,1692813.6262,0,0,0,0,0,0,0,0,0,0,0,0,0,0,0,0,0
United States,2016,5353010835.4,3582442188.1,1770568647.2,581387096.35,816738621.6,2047618056.4,59330052.337,40417073.593,18912978.744,10035538.459,2343782.999,45618391.89,1.11,1.13,1.07,1.73,0.29,2.23,68.12,31.88,16.91,3.95,76.89
Alabama,2016,101759451.17,72176238.15,29583213.016,7815944.7526,22458901.685,33409494.219,45847.119769,7848.5659488,37998.55382,11856.464363,4983.0579164,39230.988537,0.05,0.01,0.13,0.15,0.02,0.12,17.12,82.88,25.86,10.87,85.57
Alaska,2016,14529141.978,10707815.456,3821326.5224,1875333.3241,1166360.1284,4966683.3745,0,0,0,0,0,0,0,0,0,0,0,0,0,0,0,0,0
Arizona,2016,112305983.57,78634097.801,33671885.765,7751794.3711,10887114.177,46221378.802,1505850.125,1261909.4969,243940.62815,80246.531955,0,1432919.7586,1.34,1.6,0.72,1.04,0,3.1,83.8,16.2,5.33,0,95.16
Arkansas,2016,45875623.837,34128782.754,11746841.082,2329842.2503,8576377.8026,17590303.687,4949.7133132,4949.7133132,0,0,0,4949.7133132,0.01,0.01,0,0,0,0.03,100,0,0,0,100
California,2016,578010315.81,400264580.65,177745735.16,35772599.172,7518406.3894,237417611.24,3660290.0075,2860944.3891,799345.61837,78206.547938,88161.471371,3330966.4062,0.63,0.71,0.45,0.22,1.17,1.4,78.16,21.84,2.14,2.41,91
Colorado,2016,59618590.234,41935362.11,17683228.123,6542357.7078,7112087.5354,25271915.172,82011.852139,72474.169024,9537.6831146,0,4402.0157488,76876.184773,0.14,0.17,0.05,0,0.06,0.3,88.37,11.63,0,5.37,93.74
Connecticut,2016,55051742.657,30121330.887,24930411.769,8715625.6799,10463535.439,18577392.806,1182208.2585,953235.59393,228972.66455,86652.741193,43917.830464,1070002.6405,2.15,3.16,0.92,0.99,0.42,5.76,80.63,19.37,7.33,3.71,90.51
Delaware,2016,16980084.092,11860219.48,5119864.6124,1814278.8355,2933116.5899,6257270.0951,322033.25592,236790.72135,85242.534574,35064.243595,15342.714602,273218.63216,1.9,2,1.66,1.93,0.52,4.37,73.53,26.47,10.89,4.76,84.84
District of Columbia,2016,16664166.178,9224352.3807,7439813.7976,1669747.7111,3220636.8567,2759937.311,79202.674843,25384.113954,53818.560889,19451.20284,8324.7548014,48893.37764,0.48,0.28,0.72,1.16,0.26,1.77,32.05,67.95,24.56,10.51,61.73
Florida,2016,431612655.93,263225492.68,168387163.25,73726616.113,55507210.234,142259383.26,5792855.8855,4524453.8163,1268402.0692,460024.50556,436352.85208,5189567.618,1.34,1.72,0.75,0.62,0.79,3.65,78.1,21.9,7.94,7.53,89.59
Georgia,2016,214424710.18,157038820.71,57385889.472,15881702.299,35462660.465,82054598.146,973728.23801,562099.19717,411629.04084,262383.38651,47130.392047,730496.57618,0.45,0.36,0.72,1.65,0.13,0.89,57.73,42.27,26.95,4.84,75.02
Guam,2016,8562424.8401,7069178.3374,1493246.5027,969915.70005,337377.84122,4620639.4603,275016.02149,243795.16191,31220.859574,7375.8927028,709.24551223,270252.76763,3.21,3.45,2.09,0.76,0.21,5.85,88.65,11.35,2.68,0.26,98.27
Hawaii,2016,39327644.557,23946944.389,15380700.169,6543625.4172,6254934.3609,18390885.389,1149816.5877,1033783.9571,116032.63052,17405.489462,10808.687061,1135740.237,2.92,4.32,0.75,0.27,0.17,6.18,89.91,10.09,1.51,0.94,98.78
Idaho,2016,20740127.799,16041204.907,4698922.8928,1571957.8298,3853148.3512,10468625.136,17257.574979,15750.395164,1507.179815,1507.179815,3321.9485537,13935.626425,0.08,0.1,0.03,0.1,0.09,0.13,91.27,8.73,8.73,19.25,80.75
Illinois,2016,243350106.21,153420372.25,89929733.954,22441097.11,40075874.612,88595132.071,746640.28852,425459.44059,321180.84794,184249.97123,125419.98944,474709.38898,0.31,0.28,0.36,0.82,0.31,0.54,56.98,43.02,24.68,16.8,63.58
Indiana,2016,84533652.498,62900454.003,21633198.495,5838192.6068,14918840.622,34829542.201,0,0,0,0,0,0,0,0,0,0,0,0,0,0,0,0,0
Iowa,2016,39021471.149,27093156.58,11928314.569,2540721.8215,6238555.5655,17085992.374,736018.74932,583100.71736,152918.03196,54107.718946,36329.355372,662424.05064,1.89,2.15,1.28,2.13,0.58,3.88,79.22,20.78,7.35,4.94,90
Kansas,2016,27881207.343,20890298.611,6990908.7324,2505232.4249,5196917.8668,11534798.521,0,0,0,0,0,0,0,0,0,0,0,0,0,0,0,0,0
Kentucky,2016,78259775.362,53227918.28,25031857.082,5935793.194,15226793.495,22567428.543,20766.736685,16537.626452,4229.1102327,13983.545264,0,6783.191421,0.03,0.03,0.02,0.24,0,0.03,79.64,20.36,67.34,0,32.66
Louisiana,2016,111374390.78,78419880.766,32954510.009,9832450.6377,23599765.927,38331669.691,0,0,0,0,0,0,0,0,0,0,0,0,0,0,0,0,0
Maine,2016,20176403.442,12025154.8,8151248.6415,3073892.2807,6032617.8886,6923370.7034,299675.4012,201556.27296,98119.128238,41446.471439,27288.234289,236482.95493,1.49,1.68,1.2,1.35,0.45,3.42,67.26,32.74,13.83,9.11,78.91
Maryland,2016,86820471.981,57049928.853,29770543.128,8573657.2612,11168252.787,31744843.972,2682050.3525,2224791.9427,457258.40986,119222.45943,65110.576832,2236217.3799,3.09,3.9,1.54,1.39,0.58,7.04,82.95,17.05,4.45,2.43,83.38
Massachusetts,2016,94211624.536,47656294.053,46555330.482,19205043.743,23866041.139,23698298.497,2904084.9154,2592692.5348,311392.38062,149047.95028,43939.399352,2693869.344,3.08,5.44,0.67,0.78,0.18,11.37,89.28,10.72,5.13,1.51,92.76
Michigan,2016,171449659.49,101323628.82,70126030.669,17158787.907,32626707.743,69598549.957,2025902.6248,1385367.456,640535.1688,274688.28088,112935.30557,1703581.1659,1.18,1.37,0.91,1.6,0.35,2.45,68.38,31.62,13.56,5.57,84.09
Minnesota,2016,48571283.94,33457937.31,15113346.63,4955077.5804,6742856.9479,23105268.128,967296.24411,825305.423,141990.8211,33603.932615,59941.732621,907723.14592,1.99,2.47,0.94,0.68,0.89,3.93,85.32,14.68,3.47,6.2,93.84
Mississippi,2016,66109225.468,49245290.711,16863934.757,4077818.9394,11509098.16,23981893.233,3816.5572229,0,3816.5572229,0,0,3816.5572229,0.01,0,0.02,0,0,0.02,0,100,0,0,100
Missouri,2016,96713752.82,69329289.817,27384463.004,6711730.4849,20146644.817,30223932.127,162090.59282,162090.59282,0,0,0,162090.59282,0.17,0.23,0,0,0,0.54,100,0,0,0,100
Montana,2016,13415144.215,9434564.7441,3980579.4705,1342116.4824,2180903.7708,5197304.7752,182930.82578,140071.78783,42859.03795,0,2668.2774749,181631.70704,1.36,1.48,1.08,0,0.12,3.49,76.57,23.43,0,1.46,99.29
Nebraska,2016,19575446.822,14705804.291,4869642.5316,1432439.0401,2741401.4431,8987003.7853,18919.370294,18919.370294,0,0,3575.5448297,18919.370294,0.1,0.13,0,0,0.13,0.21,100,0,0,18.9,100
Nevada,2016,49558230.834,31386332.783,18171898.051,3794223.8805,4757797.9849,21254584.611,631100.55423,396452.52249,234648.03174,118694.66357,38292.698402,494681.35287,1.27,1.26,1.29,3.13,0.8,2.33,62.82,37.18,18.81,6.07,78.38
New Hampshire,2016,9723915.019,6504639.3026,3219275.7163,1132645.3383,2706273.6636,3362961.1097,224959.07049,224959.07049,0,0,3156.511517,221802.55897,2.31,3.46,0,0,0.12,6.6,100,0,0,1.4,98.6
New Jersey,2016,100864915.19,69902017.202,30962897.988,14738901.383,16148726.245,32241408.356,1540727.6589,1312216.5566,228511.10228,119801.95253,71141.787504,1340671.1262,1.53,1.88,0.74,0.81,0.44,4.16,85.17,14.83,7.78,4.62,87.02
New Mexico,2016,53698386.598,38824634.418,14873752.18,4576220.724,6376322.3207,22380707.879,227144.5051,174633.1622,52511.342904,3494.9430481,0,223221.00672,0.42,0.45,0.35,0.08,0,1,76.88,23.12,1.54,0,98.27
New York,2016,400074028.22,215920394.98,184153633.25,100517964.15,84666449.151,132296275.71,5125134.311,4744975.7804,380158.53061,293708.32151,120104.98155,4737832.9463,1.28,2.2,0.21,0.29,0.14,3.58,92.58,7.42,5.73,2.34,92.44
North Carolina,2016,181945404.08,130246930.91,51698473.171,15541726.248,21492167.786,81595027.539,2724507.7783,2093506.2994,631001.4789,293202.11672,115683.60451,2416964.6938,1.5,1.61,1.22,1.89,0.54,2.96,76.84,23.16,10.76,4.25,88.71
North Dakota,2016,6302148.6977,4382941.3134,1919207.3842,809171.72181,962578.72634,2512096.2805,115751.1464,112766.09349,2985.052912,0,0,115751.1464,1.84,2.57,0.16,0,0,4.61,97.42,2.58,0,0,100
Ohio,2016,192929716.28,126414799.15,66514917.125,16644259.071,40163085.691,73836338.139,516824.89983,149775.23486,367049.66497,218837.17048,195858.12908,219332.9675,0.27,0.12,0.55,1.31,0.49,0.3,28.98,71.02,42.34,37.9,42.44
Oklahoma,2016,71969561.791,53832659.34,18136902.451,5492367.6315,13373046.744,25973197.431,0,0,0,0,0,0,0,0,0,0,0,0,0,0,0,0,0
Oregon,2016,84638839.738,42757899.599,41880940.139,9629852.923,15340739.126,29026773.322,1610816.2241,1054798.4355,556017.78865,219338.8712,87865.53243,1339221.7808,1.9,2.47,1.33,2.28,0.57,4.61,65.48,34.52,13.62,5.45,83.14
Pennsylvania,2016,222439681.09,139462996.14,82976684.958,28971993.424,51884825.462,84257186.682,4185455.3892,2774111.174,1411344.2151,440921.14254,186834.45741,3734528.4598,1.88,1.99,1.7,1.52,0.36,4.43,66.28,33.72,10.53,4.46,89.23
Rhode Island,2016,21733453.782,10814318.022,10919135.76,3712404.6923,5487500.4438,7426051.4345,400068.98909,300784.87481,99284.114273,21446.104977,12115.501939,368012.71068,1.84,2.78,0.91,0.58,0.22,4.96,75.18,24.82,5.36,3.03,91.99
South Carolina,2016,90551740.221,66244198.266,24307541.955,7487024.3547,14258126.623,35781541.661,118193.8465,90929.277071,27264.569426,27264.569426,81466.539742,35190.783725,0.13,0.14,0.11,0.36,0.57,0.1,76.93,23.07,23.07,68.93,29.77
South Dakota,2016,11906768.163,8678531.8851,3228236.2779,1047862.2927,1583252.7703,4821959.6005,37125.308238,37125.308238,0,0,0,37125.308238,0.31,0.43,0,0,0,0.77,100,0,0,0,100
Tennessee,2016,136353989.36,92231381.535,44122607.823,9082712.3457,21718164.16,44707072.284,0,0,0,0,0,0,0,0,0,0,0,0,0,0,0,0,0
Texas,2016,436940682.38,359008478.4,77932203.975,35423116.857,54620872.885,215458058.86,11301545.059,2979754.0897,8321790.9692,5974468.6863,29370.766055,3236805.5385,2.59,0.83,10.68,16.87,0.05,1.5,26.37,73.63,52.86,0.26,28.64
Utah,2016,24527942.369,19327521.564,5200420.8044,1844328.1208,3385248.7694,10961933.325,3647.6184755,2270.771707,1376.8467685,0,1376.8467685,2270.771707,0.01,0.01,0.03,0,0.04,0.02,62.25,37.75,0,37.75,62.25
Vermont,2016,9605865.4371,5109251.3855,4496614.0516,1930602.973,2755505.7102,3399690.8487,209246.01544,183533.32993,25712.68551,5411.571606,0,201489.61341,2.18,3.59,0.57,0.28,0,5.93,87.71,12.29,2.59,0,96.29
Virgin Islands,2016,4603484.675,3158999.4469,1444485.228,583390.78516,142334.57696,1829066.7241,156403.24543,147013.92386,9389.3215679,5477.0879387,0,154268.74287,3.4,4.65,0.65,0.94,0,8.43,94,6,3.5,0,98.64
Virginia,2016,91318504.397,69637994.106,21680510.29,7163993.8049,16828723.337,38776489.913,0,0,0,0,0,0,0,0,0,0,0,0,0,0,0,0,0
Washington,2016,117985519.25,63621400.272,54364118.977,13121586.512,20075211.264,44881680.6,2477807.0969,1992637.8108,485169.28608,71411.482151,126320.63399,2287686.407,2.1,3.13,0.89,0.54,0.63,5.1,80.42,19.58,2.88,5.1,92.33
West Virginia,2016,38762515.527,25730239.093,13032276.434,3072062.8106,7966779.1561,10894784.993,145717.06184,61784.486698,83932.575141,60311.30692,39655.764125,78653.088896,0.38,0.24,0.64,1.96,0.5,0.72,42.4,57.6,41.39,27.21,53.98
Wisconsin,2016,73718324.791,49606526.027,24111798.765,6230780.2734,11572218.731,31428612.293,1736616.5852,1203732.9344,532883.65085,231223.95239,93875.858036,1467581.51,2.36,2.43,2.21,3.71,0.81,4.67,69.31,30.69,13.31,5.41,84.51
Wyoming,2016,3930938.6026,3082708.4103,848230.19225,232511.34752,449529.63202,1843410.1765,0,0,0,0,0,0,0,0,0,0,0,0,0,0,0,0,0
United States,2017,5050555947.2,3367196436.7,1683359510.5,618886290.66,791764309.74,1918995820.7,56865617.232,37254767.705,19610849.527,11653870.573,2317182.8529,42761048.132,1.13,1.11,1.16,1.88,0.29,2.23,65.51,34.49,20.49,4.07,75.2
Alabama,2017,94528679.345,70466625.131,24062054.214,8152743.718,18582909.574,37289661.334,45797.856828,0,45797.856828,28362.251883,0,24576.268319,0.05,0,0.19,0.35,0,0.07,0,100,61.93,0,53.66
Alaska,2017,15412730.548,11068201.997,4344528.5512,1413495.8853,1139452.926,6577805.3609,0,0,0,0,0,0,0,0,0,0,0,0,0,0,0,0,0
Arizona,2017,104886571.99,74085844.865,30800727.127,9086379.6097,8629055.4468,44614321.23,477309.12747,398806.03798,78503.089499,19641.584513,14059.991468,443607.55149,0.46,0.54,0.25,0.22,0.16,0.99,83.55,16.45,4.12,2.95,92.94
Arkansas,2017,41169788.595,32875944.045,8293844.5505,2193567.8837,8733811.1283,16027214.023,0,0,0,0,0,0,0,0,0,0,0,0,0,0,0,0,0
California,2017,534606510.16,375303344.65,159303165.51,38222032.04,7206344.7548,209649806.13,3576694.5049,2582310.8659,994383.639,436547.14161,191228.76584,3358998.9372,0.67,0.69,0.62,1.14,2.65,1.6,72.2,27.8,12.21,5.35,93.91
Colorado,2017,56466189.327,39450037.029,17016152.298,6569063.7186,6247334.5617,21021584.942,122082.42178,77478.58998,44603.831795,19323.944219,8913.5718115,107393.19236,0.22,0.2,0.26,0.29,0.14,0.51,63.46,36.54,15.83,7.3,87.97
Connecticut,2017,52130319.747,25723790.292,26406529.455,9497785.8473,11285432.512,18040915.035,1126512.3793,965012.02481,161500.35451,43908.274259,28498.44212,1029535.3918,2.16,3.75,0.61,0.46,0.25,5.71,85.66,14.34,3.9,2.53,91.39
Delaware,2017,15683806.433,10954471.53,4729334.903,1595408.1914,1991453.5122,6317184.9614,300353.96976,226239.18071,74114.78905,27176.200448,20727.291564,262158.97524,1.92,2.07,1.57,1.7,1.04,4.15,75.32,24.68,9.05,6.9,87.28
District of Columbia,2017,15641661.446,8690646.4008,6951015.0453,2126080.2892,3000694.0906,2303969.7872,110143.21264,47557.207862,62586.004779,21279.64429,11438.589659,81542.222598,0.7,0.55,0.9,1,0.38,3.54,43.18,56.82,19.32,10.39,74.03
Florida,2017,381240020.95,241782078.59,139457942.37,64311176.822,69025684.948,142420113.31,4395785.2334,3101828.392,1293956.8414,726214.38052,174996.29949,3646801.0756,1.15,1.28,0.93,1.13,0.25,2.56,70.56,29.44,16.52,3.98,82.96
Georgia,2017,200295430.68,142886107.07,57409323.616,18173323.689,35553984.121,71413847.098,384950.29871,76355.805999,308594.49271,213064.38482,70753.959693,132988.71283,0.19,0.05,0.54,1.17,0.2,0.19,19.84,80.16,55.35,18.38,34.55
Guam,2017,8389802.5091,6811050.532,1578751.977,844738.69411,82349.873046,4188216.8976,363697.65342,325667.00103,38030.652385,28990.66716,0,340496.36319,4.33,4.78,2.41,3.43,0,8.13,89.54,10.46,7.97,0,93.62
Hawaii,2017,38986584.468,23564332.787,15422251.682,6928695.6713,4492642.2412,18144513.911,996567.3981,938018.38485,58549.013257,12886.54818,4901.1640995,978779.68582,2.56,3.98,0.38,0.19,0.11,5.39,94.12,5.88,1.29,0.49,98.22
Idaho,2017,19082916.851,14574407.725,4508509.1254,1471728.9703,3344842.343,9269332.83,5212.3106349,1455.0467884,3757.2638464,1252.4212821,1252.4212821,5212.3106349,0.03,0.01,0.08,0.09,0.04,0.06,27.92,72.08,24.03,24.03,100
Illinois,2017,233009861.43,142853570.08,90156291.347,26726582.072,32657736.405,88547109.942,2307432.3566,1702055.6049,605376.75163,289295.04814,116298.27968,1873582.4235,0.99,1.19,0.67,1.08,0.36,2.12,73.76,26.24,12.54,5.04,81.2
Indiana,2017,73541970.356,55551803.359,17990166.998,5206459.1371,16546807.3,29602919.817,4522.9081193,0,4522.9081193,0,0,4522.9081193,0.01,0,0.03,0,0,0.02,0,100,0,0,100
Iowa,2017,37156265.275,25731998.748,11424266.527,3041456.6794,5803548.009,16757291.54,534663.12565,396576.3863,138086.73935,54790.202564,38319.005734,465413.26125,1.44,1.54,1.21,1.8,0.66,2.78,74.17,25.83,10.25,7.17,87.05
Kansas,2017,26034252.094,18842521.673,7191730.4213,2249646.8007,5084746.2863,10627433.412,0,0,0,0,0,0,0,0,0,0,0,0,0,0,0,0,0
Kentucky,2017,74655240.827,51125408.849,23529831.978,6414265.1216,15030583.126,22044774.062,425082.38848,0,425082.38848,406366.87057,0,18715.517905,0.57,0,1.81,6.34,0,0.08,0,100,95.6,0,4.4
Louisiana,2017,113213372.18,79317683.535,33895688.648,11494513.073,22585424.339,38715599.358,0,0,0,0,0,0,0,0,0,0,0,0,0,0,0,0,0
Maine,2017,17885666.057,10513197.068,7372468.9897,3229247.8588,5539528.7093,6763657.9597,475335.23537,357183.12479,118152.11058,43437.420523,31955.491991,419962.9005,2.66,3.4,1.6,1.35,0.58,6.21,75.14,24.86,9.14,6.72,88.35
Maryland,2017,78696024.209,51250123.449,27445900.76,9197050.9789,11531179.017,26621845.259,2012837.5049,1787171.5367,225665.96813,101433.36526,51424.078125,1898378.4984,2.56,3.49,0.82,1.1,0.45,7.13,88.79,11.21,5.04,2.55,94.31
Massachusetts,2017,93448355.986,47365334.182,46083021.804,20333115.08,24962016.314,22831580.692,2328187.3607,2052203.3646,275983.99604,137740.38715,24562.029496,2176803.3197,2.49,4.33,0.6,0.68,0.1,9.53,88.15,11.85,5.92,1.05,93.5
Michigan,2017,156135421.15,96822592.483,59312828.67,15933684.907,34813271.05,64214056.332,1342718.7492,541210.85413,801507.89509,247249.06769,220521.21868,1007201.8297,0.86,0.56,1.35,1.55,0.63,1.57,40.31,59.69,18.41,16.42,75.01
Minnesota,2017,47806328.76,31339567.711,16466761.049,6016629.1666,6394739.0984,21607831.135,852487.75372,745215.49096,107272.26276,29547.644667,16487.427096,815856.71244,1.78,2.38,0.65,0.49,0.26,3.78,87.42,12.58,3.47,1.93,95.7
Mississippi,2017,60230155.701,47339378.124,12890777.577,3497311.5209,10585877.427,21417071.393,16122.949923,8123.046068,7999.9038552,7999.9038552,4061.523034,8123.046068,0.03,0.02,0.06,0.23,0.04,0.04,50.38,49.62,49.62,25.19,50.38
Missouri,2017,87205922.755,62960976.229,24244946.526,7721455.2157,15092117.463,33724496.186,135684.03694,135684.03694,0,0,8761.4590141,135684.03694,0.16,0.22,0,0,0.06,0.4,100,0,0,6.46,100
Montana,2017,13483575.597,8783966.7359,4699608.8612,1484058.3951,2317338.8843,4639982.4349,165523.41341,139414.83974,26108.573664,2317.9433965,3697.1419294,160532.86495,1.23,1.59,0.56,0.16,0.16,3.46,84.23,15.77,1.4,2.23,96.98
Nebraska,2017,19523112.598,14351094.346,5172018.2525,1549200.1519,2799904.7605,9237668.2125,14095.989682,14095.989682,0,0,3053.5601059,14095.989682,0.07,0.1,0,0,0.11,0.15,100,0,0,21.66,100
Nevada,2017,50030605.473,30672834.187,19357771.285,4719174.6212,6148374.8162,19527041.821,598812.56509,440222.4999,158590.06519,54650.093797,27840.77326,527106.96161,1.2,1.44,0.82,1.16,0.45,2.7,73.52,26.48,9.13,4.65,88.03
New Hampshire,2017,9113141.454,5839827.2503,3273314.2037,1156282.7411,2900570.9657,3459462.7938,266404.01183,264289.31493,2114.6969016,1207.0517653,9876.2716754,259827.35794,2.92,4.53,0.06,0.1,0.34,7.51,99.21,0.79,0.45,3.71,97.53
New Jersey,2017,92022009.514,63183555.755,28838453.76,16532432.88,12425275.047,36498775.173,1306957.9822,1022245.4253,284712.55688,106340.23263,54226.179966,1157994.0318,1.42,1.62,0.99,0.64,0.44,3.17,78.22,21.78,8.14,4.15,88.6
New Mexico,2017,52844378.639,36295008.551,16549370.088,4560627.9598,6041460.2794,21542697.643,335988.18162,231064.94372,104923.23789,0,0,335988.18162,0.64,0.64,0.63,0,0,1.56,68.77,31.23,0,0,100
New York,2017,380489764,190266700.74,190223063.26,109054047.58,73850091.784,138364144.67,5155959.5016,4143709.4602,1012250.0414,508778.95275,180988.35485,4648873.015,1.36,2.18,0.53,0.47,0.25,3.36,80.37,19.63,9.87,3.51,90.17
North Carolina,2017,168730262.12,114459516.49,54270745.632,15295303.705,23488778.255,64486449.132,2112390.0488,1345603.2939,766786.7549,298723.31989,110700.90936,1792659.9624,1.25,1.18,1.41,1.95,0.47,2.78,63.7,36.3,14.14,5.24,84.86
North Dakota,2017,6314604.5101,4396481.8274,1918122.6827,878114.54058,1020908.8673,1813348.1635,148872.00075,137424.66103,11447.33972,0,0,148872.00075,2.36,3.13,0.6,0,0,8.21,92.31,7.69,0,0,100
Ohio,2017,179492013.1,120510842.5,58981170.608,18603193.482,37420794.667,71380747.509,551538.06019,168917.49371,382620.56649,252363.9366,163683.95059,202135.28871,0.31,0.14,0.65,1.36,0.44,0.28,30.63,69.37,45.76,29.68,36.65
Oklahoma,2017,70312954.206,52769744.926,17543209.28,5607676.4873,12376279.436,26225558.584,4680.8755625,0,4680.8755625,0,4680.8755625,4680.8755625,0.01,0,0.03,0,0.04,0.02,0,100,0,100,100
Oregon,2017,79009565.171,42256774.378,36752790.793,10108028.341,10862642.17,29499215.602,1911796.6877,1396265.4333,515531.25437,132151.47321,48551.54018,1757968.8575,2.42,3.3,1.4,1.31,0.45,5.96,73.03,26.97,6.91,2.54,91.95
Pennsylvania,2017,213830027.86,129913767.87,83916259.992,35488937.401,55115558.951,81714654.717,3496906.0062,2633433.3421,863472.66413,386440.76968,290016.25857,3103937.3504,1.64,2.03,1.03,1.09,0.53,3.8,75.31,24.69,11.05,8.29,88.76
Rhode Island,2017,20506307.593,10012614.626,10493692.967,3595751.2409,4624551.9106,5293067.845,234562.53194,167967.16052,66595.371418,30949.324693,17793.515786,197907.02996,1.14,1.68,0.63,0.86,0.38,3.74,71.61,28.39,13.19,7.59,84.37
South Carolina,2017,85812455.654,65323082.766,20489372.888,7817495.4016,13701839.069,34640531.324,56362.198904,10230.885222,46131.313682,39791.248397,6340.0652843,15454.935582,0.07,0.02,0.23,0.51,0.05,0.04,18.15,81.85,70.6,11.25,27.42
South Dakota,2017,11647555.482,8177495.425,3470060.0568,1240315.1509,2160537.0733,4103775.0438,9227.3548158,9227.3548158,0,0,0,9227.3548158,0.08,0.11,0,0,0,0.22,100,0,0,0,100
Tennessee,2017,127588246.93,88261146.912,39327100.016,9324619.1997,23141206.282,42477629.134,0,0,0,0,0,0,0,0,0,0,0,0,0,0,0,0,0
Texas,2017,447226879.32,360280790.68,86946088.639,41364499.873,58145238.392,186303440.22,14804241.849,6286904.3843,8517337.4644,6592781.2296,196554.57454,6263080.6427,3.31,1.75,9.8,15.94,0.34,3.36,42.47,57.53,44.53,1.33,42.31
Utah,2017,23061531.813,17830030.979,5231500.8342,1455767.1944,2768961.5828,10103195.899,13713.122316,12237.623851,1475.4984653,0,1475.4984653,12377.327356,0.06,0.07,0.03,0,0.05,0.12,89.24,10.76,0,10.76,90.26
Vermont,2017,9200895.0887,4458274.6225,4742620.4662,1936539.2763,2646151.8403,2714839.9772,190186.94027,163084.56506,27102.375211,6660.0234192,3877.6328817,171123.12818,2.07,3.66,0.57,0.34,0.15,6.3,85.75,14.25,3.5,2.04,89.98
Virgin Islands,2017,4504968.0814,3109415.7066,1395552.3748,623338.93788,37846.095778,1769526.9827,82375.089022,72725.635314,9649.4537081,3889.1119495,2897.274509,78924.64411,1.83,2.34,0.69,0.62,7.66,4.46,88.29,11.71,4.72,3.52,95.81
Virginia,2017,87209388.587,63821436.346,23387952.241,8580042.6404,12491238.82,32901874.564,0,0,0,0,0,0,0,0,0,0,0,0,0,0,0,0,0
Washington,2017,111272489.57,59913763.419,51358726.149,15633994.331,18028445.031,36291998.848,2055034.1066,1547599.4545,507434.65217,94527.062167,47104.187445,1907952.533,1.85,2.58,0.99,0.6,0.26,5.26,75.31,24.69,4.6,2.29,92.84
West Virginia,2017,36969525.168,23811553.362,13157971.806,3468285.7498,8341494.0427,10841268.425,122340.73751,25664.126979,96676.610535,57314.54655,29586.691997,56029.535264,0.33,0.11,0.73,1.65,0.35,0.52,20.98,79.02,46.85,24.18,45.8
Wisconsin,2017,68984436.397,46267482.403,22716953.994,6780539.2676,12466181.491,31086536.187,887467.24115,556287.83401,331179.40714,188476.8986,75076.586032,697963.12174,1.29,1.2,1.46,2.78,0.6,2.25,62.68,37.32,21.24,8.46,78.65
Wyoming,2017,3835403.413,2978195.7832,857207.62979,380385.47343,499072.6459,1324235.8803,0,0,0,0,0,0,0,0,0,0,0,0,0,0,0,0,0
